<FunctionSetAssignmentsList href="/edev/3/fsal" all="2" results="2"
	subscribable="0" xmlns="http://zigbee.org/sep" xmlns:xsi="http://www.w3.org/2001/XMLSchema-instance"
	xsi:schemaLocation="http://zigbee.org/sep ../../sep.xsd">
	<FunctionSetAssignments subscribable="0"
		href="/edev/3/fsal/0">
		<DemandResponseProgramListLink all="2"
			href="/edev/3/fsa1/0/drpl" />
		<MessagingProgramListLink all="1"
			href="/edev/3/fsa1/0/msgl" />
		<mRID>0ED30F5A0000</mRID>
		<description>FunctionSetAssignment Suave</description>
	</FunctionSetAssignments>
	<FunctionSetAssignments subscribable="0"
		href="/edev/3/fsal/1">
		<MessagingProgramListLink all="1"
			href="/edev/3/fsa1/1/msgl" />
		<mRID>0ED30F5A0001</mRID>
		<description>FunctionSetAssignment Guttural</description>
	</FunctionSetAssignments>
</FunctionSetAssignmentsList>
