<EndDevice subscribable="0" href="/edev/3" xmlns="http://zigbee.org/sep"
	xmlns:xsi="http://www.w3.org/2001/XMLSchema-instance"
	xsi:schemaLocation="http://zigbee.org/sep ../../sep.xsd">
	<ConfigurationLink href="/edev/3/cfg" />
	<DeviceInformationLink href="/edev/3/di" />
	<DeviceStatusLink href="/edev/3/ds" />
	<FileStatusLink href="/edev/3/fs" />
	<PowerStatusLink href="/edev/3/ps" />
	<sFDI>987654321005</sFDI>
	<FunctionSetAssignmentsListLink all="3"
		href="/edev/3/fsal" />
	<RegistrationLink href="/edev/3/reg" />
	<SubscriptionListLink all="0" href="/edev/3/subl" />
</EndDevice>
