<DERCurve xmlns="http://zigbee.org/sep" href="/derp/0/dc/3"
	xmlns:xsi="http://www.w3.org/2001/XMLSchema-instance"
	xsi:schemaLocation="http://zigbee.org/sep ../../sep.xsd">
	<mRID>04BE7A7E57</mRID>
	<description>An example Volt-VAr curve</description>
	<creationTime>1341446380</creationTime>
	<CurveData>
		<xvalue>99</xvalue>
		<yvalue>50</yvalue>
	</CurveData>
	<CurveData>
		<xvalue>103</xvalue>
		<yvalue>-50</yvalue>
	</CurveData>
	<CurveData>
		<xvalue>101</xvalue>
		<yvalue>-50</yvalue>
	</CurveData>
	<CurveData>
		<xvalue>97</xvalue>
		<yvalue>50</yvalue>
	</CurveData>
	<curveType>0</curveType>
	<rampDecTms>600</rampDecTms>
	<rampIncTms>600</rampIncTms>
	<rampPT1Tms>10</rampPT1Tms>
	<xMultiplier>0</xMultiplier>
	<yMultiplier>0</yMultiplier>
	<yRefType>3</yRefType>
</DERCurve>
