<EndDeviceControl subscribable="0" replyTo="{hostname}/rsp"
	responseRequired="01" href="/drp/1/edc" xmlns="http://zigbee.org/sep"
	xmlns:xsi="http://www.w3.org/2001/XMLSchema-instance"
	xsi:schemaLocation="http://zigbee.org/sep ../../sep.xsd">
	<mRID>CAFEFEED</mRID>
	<description>Emergency One Hour Coffee Brew</description>
	<creationTime>1234556</creationTime>
	<EventStatus>
		<currentStatus>2</currentStatus>
		<dateTime>1234960</dateTime>
		<potentiallySuperseded>false</potentiallySuperseded>
		<reason>Caffeine Overload</reason>
	</EventStatus>
	<interval>
		<duration>360</duration>
		<start>1234900</start>
	</interval>
	<randomizeDuration>60</randomizeDuration>
	<randomizeStart>60</randomizeStart>
	<deviceCategory>0008</deviceCategory>
	<drProgramMandatory>true</drProgramMandatory>
	<loadShiftForward>true</loadShiftForward>
	<SetPoint>
		<heatingSetpoint>10000</heatingSetpoint>
	</SetPoint>
</EndDeviceControl>
