<DemandResponseProgramList all="2" results="2"
	subscribable="0" xmlns="http://zigbee.org/sep" xmlns:xsi="http://www.w3.org/2001/XMLSchema-instance"
	xsi:schemaLocation="http://zigbee.org/sep ../../sep.xsd">
	<DemandResponseProgram href="/drp/1">
		<mRID>0FB7</mRID>
		<description>Operation X</description>
		<ActiveEndDeviceControlListLink all="0"
			href="/drp/1/aedc" />
		<EndDeviceControlListLink all="1" href="/drp/1/edc" />
		<primacy>0</primacy>
	</DemandResponseProgram>
	<DemandResponseProgram href="/drp/2">
		<mRID>80000001</mRID>
		<description>The Wackness</description>
		<ActiveEndDeviceControlListLink all="0"
			href="/drp/2/aedc" />
		<EndDeviceControlListLink all="0" href="/drp/2/edc" />
		<primacy>1</primacy>
	</DemandResponseProgram>
</DemandResponseProgramList>
