<BillingReadingList href="/bill/1/ca/1/ver/1/brs/1/br"
	all="24" results="1" xmlns="http://zigbee.org/sep" xmlns:xsi="http://www.w3.org/2001/XMLSchema-instance"
	xsi:schemaLocation="http://zigbee.org/sep ../../sep.xsd">
	<BillingReading href="/bill/1/ca/1/ver/1/brs/1/br/1">
		<consumptionBlock>0</consumptionBlock>
		<qualityFlags>01</qualityFlags>
		<timePeriod>
			<duration>3600</duration>
			<start>1361491200</start>
		</timePeriod>
		<touTier>3</touTier>
		<value>38</value>
		<Charge>
			<kind>0</kind>
			<value>429400</value>
		</Charge>
	</BillingReading>
</BillingReadingList>
