<TariffProfile href="/tp/3" xmlns="http://zigbee.org/sep"
	xmlns:xsi="http://www.w3.org/2001/XMLSchema-instance"
	xsi:schemaLocation="http://zigbee.org/sep ../../sep.xsd">
	<mRID>799794f4620b17e00000e566</mRID>
	<description>PEV TOU Rate</description>
	<currency>840</currency>
	<pricePowerOfTenMultiplier>-6</pricePowerOfTenMultiplier>
	<primacy>0</primacy>
	<rateCode>TOU-D-PEV Baseline 6</rateCode>
	<RateComponentListLink all="1" href="/tp/3/rc" />
	<serviceCategoryKind>0</serviceCategoryKind>
</TariffProfile>
