<ReadingSetList xmlns="http://zigbee.org/sep" all="1"
	href="/upt/0/mr/0/rs" results="1" subscribable="0"
	xmlns:xsi="http://www.w3.org/2001/XMLSchema-instance"
	xsi:schemaLocation="http://zigbee.org/sep ../../sep.xsd">
	<ReadingSet href="/upt/0/mr/0/rs/0">
		<mRID>0D00006CC8</mRID>
		<description>Cumulative Reading Set for Whrs</description>
		<timePeriod>
			<duration>7737</duration>
			<start>1338817886</start>
		</timePeriod>
		<ReadingListLink all="5" href="/upt/0/mr/0/rs/0/r" />
	</ReadingSet>
</ReadingSetList>
