<BillingReadingSetList href="/bill/1/ca/1/pro/1/brs"
	all="1" subscribable="1" results="1" xmlns="http://zigbee.org/sep"
	xmlns:xsi="http://www.w3.org/2001/XMLSchema-instance"
	xsi:schemaLocation="http://zigbee.org/sep ../../sep.xsd">
	<BillingReadingSet href="/bill/1/ca/1/pro/1/brs/1">
		<mRID>7cb8a5b136a9618e0000e566</mRID>
		<description>Start Consumption Block 2</description>
		<timePeriod>
			<duration>2419200</duration>
			<start>1360195200</start>
		</timePeriod>
		<BillingReadingListLink href="/bill/1/ca/1/pro/1/brs/1/br"
			all="1" />
	</BillingReadingSet>
</BillingReadingSetList>
