<TimeTariffIntervalList href="/tp/3/rc/3/tti"
	xmlns="http://zigbee.org/sep" subscribable="1" all="5" results="5"
	xmlns:xsi="http://www.w3.org/2001/XMLSchema-instance"
	xsi:schemaLocation="http://zigbee.org/sep ../../sep.xsd">
	<TimeTariffInterval subscribable="1" href="/tp/3/rc/3/tti/5">
		<mRID>ef06fa23dc0a0f650000e566</mRID>
		<description>Off-Peak 1</description>
		<creationTime>1357430400</creationTime>
		<EventStatus>
			<currentStatus>0</currentStatus>
			<dateTime>1357430400</dateTime>
			<potentiallySuperseded>false</potentiallySuperseded>
		</EventStatus>
		<interval>
			<duration>28800</duration>
			<start>1357516800</start>
		</interval>
		<randomizeDuration>300</randomizeDuration>
		<randomizeStart>300</randomizeStart>
		<ConsumptionTariffIntervalListLink
			href="/tp/3/rc/3/tti/5/cti" all="1" />
		<touTier>1</touTier>
	</TimeTariffInterval>
	<TimeTariffInterval subscribable="1" href="/tp/3/rc/3/tti/6">
		<mRID>41fc7c07e16820770000e566</mRID>
		<description>Mid-Peak 1</description>
		<creationTime>1357430400</creationTime>
		<EventStatus>
			<currentStatus>0</currentStatus>
			<dateTime>1357430400</dateTime>
			<potentiallySuperseded>false</potentiallySuperseded>

		</EventStatus>
		<interval>
			<duration>14400</duration>
			<start>1357545600</start>
		</interval>
		<randomizeDuration>300</randomizeDuration>
		<randomizeStart>300</randomizeStart>
		<ConsumptionTariffIntervalListLink
			href="/tp/3/rc/3/tti/6/cti" all="1" />
		<touTier>2</touTier>
	</TimeTariffInterval>
	<TimeTariffInterval subscribable="1" href="/tp/3/rc/3/tti/7">
		<mRID>63eed7b30c1c87a40000e566</mRID>
		<description>On-Peak</description>
		<creationTime>1357430400</creationTime>
		<EventStatus>
			<currentStatus>0</currentStatus>
			<dateTime>1357430400</dateTime>
			<potentiallySuperseded>false</potentiallySuperseded>
		</EventStatus>
		<interval>
			<duration>21600</duration>
			<start>1357552800</start>
		</interval>
		<randomizeDuration>300</randomizeDuration>
		<randomizeStart>300</randomizeStart>
		<ConsumptionTariffIntervalListLink
			href="/tp/3/rc/3/tti/7/cti" all="1" />
		<touTier>3</touTier>
	</TimeTariffInterval>
	<TimeTariffInterval subscribable="1" href="/tp/3/rc/3/tti/8">
		<mRID>9b04f0713e9212d90000e566</mRID>
		<description>Mid-Peak 2</description>
		<creationTime>1357430400</creationTime>
		<EventStatus>
			<currentStatus>0</currentStatus>
			<dateTime>1357430400</dateTime>
			<potentiallySuperseded>false</potentiallySuperseded>
		</EventStatus>
		<interval>
			<duration>18000</duration>
			<start>1357574400</start>
		</interval>
		<randomizeDuration>300</randomizeDuration>
		<randomizeStart>300</randomizeStart>
		<ConsumptionTariffIntervalListLink
			href="/tp/3/rc/3/tti/8/cti" all="1" />
		<touTier>2</touTier>
	</TimeTariffInterval>
	<TimeTariffInterval subscribable="1" href="/tp/3/rc/3/tti/9">
		<mRID>c13c8755dc39b5950000e566</mRID>
		<description>Off-Peak 2</description>
		<creationTime>1357430400</creationTime>
		<EventStatus>
			<currentStatus>0</currentStatus>
			<dateTime>1357430400</dateTime>
			<potentiallySuperseded>false</potentiallySuperseded>
		</EventStatus>
		<interval>
			<duration>10800</duration>
			<start>1357592400</start>
		</interval>
		<randomizeDuration>300</randomizeDuration>
		<randomizeStart>300</randomizeStart>
		<ConsumptionTariffIntervalListLink
			href="/tp/3/rc/3/tti/9/cti" all="1" />
		<touTier>1</touTier>
	</TimeTariffInterval>
</TimeTariffIntervalList>
