<BillingReadingList href="/bill/1/ca/1/pro/1/brs/1/br"
	all="2" results="1" xmlns="http://zigbee.org/sep"
	xmlns:xsi="http://www.w3.org/2001/XMLSchema-instance"
	xsi:schemaLocation="http://zigbee.org/sep ../../sep.xsd">
	<BillingReading href="/bill/1/ca/1/pro/1/brs/1/br/1">
		<consumptionBlock>2</consumptionBlock>
		<qualityFlags>40</qualityFlags>
		<timePeriod>
			<duration>0</duration>
			<start>1361664000</start>
		</timePeriod>
		<touTier>0</touTier>
		<value>400000</value>
	</BillingReading>
</BillingReadingList>
