<BillingPeriodList href="/bill/1/ca/1/bp" all="2"
	subscribable="1" results="1" xmlns="http://zigbee.org/sep"
	xmlns:xsi="http://www.w3.org/2001/XMLSchema-instance"
	xsi:schemaLocation="http://zigbee.org/sep ../../sep.xsd">
	<BillingPeriod href="/bill/1/ca/1/bp">
		<billLastPeriod>140730000</billLastPeriod>
		<billToDate>83550000</billToDate>
		<interval>
			<duration>2419200</duration>
			<start>1360195200</start>
		</interval>
		<statusTimeStamp>1361577600</statusTimeStamp>
	</BillingPeriod>
</BillingPeriodList>
