<RateComponentList href="/tp/3/rc" xmlns="http://zigbee.org/sep"
	all="1" results="1" xmlns:xsi="http://www.w3.org/2001/XMLSchema-instance"
	xsi:schemaLocation="http://zigbee.org/sep ../../sep.xsd">
	<RateComponent href="/tp/3/rc/3">
		<mRID>fc000b07143d24fc0000e566</mRID>
		<description>TOU-D-PEV</description>
		<ActiveTimeTariffIntervalListLink
			all="0" href="/tp/3/rc/3/acttti" />
		<flowRateEndLimit>
			<multiplier>0</multiplier>
			<unit>38</unit>
			<value>400</value>
		</flowRateEndLimit>
		<flowRateStartLimit>
			<multiplier>0</multiplier>
			<unit>38</unit>
			<value>0</value>
		</flowRateStartLimit>
		<ReadingTypeLink href="/rt/1" />
		<roleFlags>12</roleFlags>
		<TimeTariffIntervalListLink all="5"
			href="/tp/3/rc/3/tti" />
	</RateComponent>
</RateComponentList>
