<HistoricalReadingList href="/bill/1/ca/1/ver"
	all="1" results="1" xmlns="http://zigbee.org/sep" xmlns:xsi="http://www.w3.org/2001/XMLSchema-instance"
	xsi:schemaLocation="http://zigbee.org/sep ../../sep.xsd">
	<HistoricalReading href="/bill/1/ca/1/ver/1">
		<mRID>ce7f99f087b5e3de0000e566</mRID>
		<description>Hourly usage (kWh)</description>
		<BillingReadingSetListLink href="/bill/1/ca/1/ver/1/brs"
			all="180" />
		<ReadingTypeLink href="/rt/3" />
	</HistoricalReading>
</HistoricalReadingList>
