<CustomerAccount href="/bill/1" xmlns="http://zigbee.org/sep"
	xmlns:xsi="http://www.w3.org/2001/XMLSchema-instance"
	xsi:schemaLocation="http://zigbee.org/sep ../../sep.xsd">
	<mRID>26d0c9722dd639ab0000e566</mRID>
	<description></description>
	<currency>840</currency>
	<customerAccount>981273648</customerAccount>
	<CustomerAgreementListLink href="/bill/1/ca"
		all="1" />
	<customerName>John Doe</customerName>
	<pricePowerOfTenMultiplier>-6</pricePowerOfTenMultiplier>
	<ServiceSupplierLink href="/ss" />
</CustomerAccount>