<BillingReadingSetList href="/bill/1/ca/1/ver/1/brs"
	all="180" subscribable="1" results="1" xmlns="http://zigbee.org/sep"
	xmlns:xsi="http://www.w3.org/2001/XMLSchema-instance"
	xsi:schemaLocation="http://zigbee.org/sep ../../sep.xsd">
	<BillingReadingSet href="/bill/1/ca/1/ver/1/brs/1">
		<mRID>82866ecc81c9638a0000e566</mRID>
		<timePeriod>
			<duration>86400</duration>
			<start>1361491200</start>
		</timePeriod>
		<BillingReadingListLink href="/bill/1/ca/1/ver/1/brs/1/br"
			all="24" />
	</BillingReadingSet>
</BillingReadingSetList>
