<ReadingSetList xmlns="http://zigbee.org/sep" all="24"
	href="/upt/0/mr/2/rs" results="4" subscribable="0"
	xmlns:xsi="http://www.w3.org/2001/XMLSchema-instance"
	xsi:schemaLocation="http://zigbee.org/sep ../../sep.xsd">
	<ReadingSet href="/upt/0/mr/2/rs/2">
		<mRID>2000006CC8</mRID>
		<description>Reading Set for WHrs</description>
		<timePeriod>
			<duration>3600</duration>
			<start>1338842400</start>
		</timePeriod>
		<ReadingListLink all="12" href="/upt/0/mr/2/rs/2/r" />
	</ReadingSet>
	<ReadingSet href="/upt/0/mr/2/rs/4">
		<mRID>2200006CC8</mRID>
		<description>Reading Set for WHrs</description>
		<timePeriod>
			<duration>3600</duration>
			<start>1338846000</start>
		</timePeriod>
		<ReadingListLink all="12" href="/upt/0/mr/2/rs/4/r" />
	</ReadingSet>
	<ReadingSet href="/upt/0/mr/2/rs/6">
		<mRID>2400006CC8</mRID>
		<description>Reading Set for WHrs</description>
		<timePeriod>
			<duration>3600</duration>
			<start>1338849600</start>
		</timePeriod>
		<ReadingListLink all="12" href="/upt/0/mr/2/rs/6/r" />
	</ReadingSet>
	<ReadingSet href="/upt/0/mr/2/rs/8">
		<mRID>2600006CC8</mRID>
		<description>Reading Set for WHrs</description>
		<timePeriod>
			<duration>3600</duration>
			<start>1338853200</start>
		</timePeriod>
		<ReadingListLink all="12" href="/upt/0/mr/2/rs/8/r" />
	</ReadingSet>
</ReadingSetList>
