<ReadingType href="/rt/1" xmlns="http://zigbee.org/sep"
	xmlns:xsi="http://www.w3.org/2001/XMLSchema-instance"
	xsi:schemaLocation="http://zigbee.org/sep ../../sep.xsd">
	<accumulationBehaviour>4</accumulationBehaviour>
	<commodity>1</commodity>
	<dataQualifier>12</dataQualifier>
	<flowDirection>1</flowDirection>
	<intervalLength>3600</intervalLength>
	<kind>12</kind>
	<numberOfConsumptionBlocks>1</numberOfConsumptionBlocks>
	<numberOfTouTiers>3</numberOfTouTiers>
	<phase>0</phase>
	<powerOfTenMultiplier>3</powerOfTenMultiplier>
	<tieredConsumptionBlocks>false</tieredConsumptionBlocks>
	<uom>72</uom>
</ReadingType>
