<ReadingType href="/rt/8" xmlns="http://zigbee.org/sep"
	xmlns:xsi="http://www.w3.org/2001/XMLSchema-instance"
	xsi:schemaLocation="http://zigbee.org/sep ../../sep.xsd">
	<accumulationBehaviour>9</accumulationBehaviour>
	<commodity>1</commodity>
	<dataQualifier>12</dataQualifier>
	<flowDirection>1</flowDirection>
	<kind>12</kind>
	<numberOfConsumptionBlocks>2</numberOfConsumptionBlocks>
	<numberOfTouTiers>3</numberOfTouTiers>
	<powerOfTenMultiplier>0</powerOfTenMultiplier>
	<tieredConsumptionBlocks>false</tieredConsumptionBlocks>
	<uom>72</uom>
</ReadingType>
