<CustomerAgreementList href="/bill/1/ca" all="1"
	subscribable="0" results="1" xmlns="http://zigbee.org/sep"
	xmlns:xsi="http://www.w3.org/2001/XMLSchema-instance"
	xsi:schemaLocation="http://zigbee.org/sep ../../sep.xsd">
	<CustomerAgreement href="/bill/1/ca/1">
		<mRID>65f839fc951345e70000e566</mRID>
		<description>Electric Service - 4/1/2012</description>
		<ActiveBillingPeriodListLink href="/bill/1/ca/1/actbp"
			all="1" />
		<BillingPeriodListLink href="/bill/1/ca/1/bp"
			all="1" />
		<HistoricalReadingListLink href="/bill/1/ca/1/ver"
			all="1" />
		<ProjectionReadingListLink href="/bill/1/ca/1/pro"
			all="1" />
		<serviceLocation>Acct. XXX-XXXXX-384 (Elm St.)</serviceLocation>
		<TariffProfileLink href="/tp/3" />
		<UsagePointLink href="/upt/1" />
	</CustomerAgreement>
</CustomerAgreementList>
