<ReadingType xmlns="http://zigbee.org/sep" href="/upt/0/mr/0/rt"
	xmlns:xsi="http://www.w3.org/2001/XMLSchema-instance"
	xsi:schemaLocation="http://zigbee.org/sep ../../sep.xsd">
	<accumulationBehaviour>9</accumulationBehaviour>
	<commodity>1</commodity>
	<dataQualifier>0</dataQualifier>
	<flowDirection>1</flowDirection>
	<kind>12</kind>
	<numberOfConsumptionBlocks>1</numberOfConsumptionBlocks>
	<numberOfTouTiers>4</numberOfTouTiers>
	<phase>40</phase>
	<powerOfTenMultiplier>3</powerOfTenMultiplier>
	<uom>72</uom>
</ReadingType>
