<FlowReservationResponseList all="2"
 href="/edev/3/frp" results="2" subscribable="1" xmlns="http://zigbee.org/sep"
 xmlns:xsi="http://www.w3.org/2001/XMLSchema-instance"
 xsi:schemaLocation="http://zigbee.org/sep ../../sep.xsd">
 <FlowReservationResponse href="/edev/3/frp/1"
  subscribable="1">
  <mRID>f8afa6fde40db98d0000ea75</mRID>
  <description>Charge from 1:00 AM to 5:20 AM</description>
  <creationTime>1379869260</creationTime>
  <EventStatus>
   <currentStatus>2</currentStatus>        <!-- Canceled -->
   <dateTime>1379898060</dateTime>
   <potentiallySuperseded>false</potentiallySuperseded>
  </EventStatus>
  <interval>
   <duration>15600</duration>              <!-- 4 hours 20 minutes -->
   <start>1379898000</start>               <!-- 1:00 AM 9/23/2013 -->
  </interval>
  <energyAvailable>
   <multiplier>0</multiplier>
   <value>12000</value>
  </energyAvailable>
  <powerAvailable>
   <multiplier>0</multiplier>
   <value>3000</value>
  </powerAvailable>
  <subject>68512866203db3b10000e566</subject>
 </FlowReservationResponse>
 <FlowReservationResponse href="/edev/3/frp/2"
  subscribable="1">
  <mRID>f8afa6fde40db98e0000ea75</mRID>
  <description>Charge from 1:02 AM to 4:22 AM</description>
  <creationTime>1379898120</creationTime>
  <EventStatus>
   <currentStatus>1</currentStatus>        <!-- Active -->
   <dateTime>1379898120</dateTime>
   <potentiallySuperseded>false</potentiallySuperseded>
  </EventStatus>
  <interval>
   <duration>12000</duration>              <!-- 3 hours 20 minutes -->
   <start>1379898120</start>               <!-- 1:02 AM 9/23/2013 -->
  </interval>
  <energyAvailable>
   <multiplier>0</multiplier>
   <value>12000</value>
  </energyAvailable>
  <powerAvailable>
   <multiplier>0</multiplier>
   <value>4000</value>
  </powerAvailable>
  <subject>68512866203db3b20000e566</subject>
 </FlowReservationResponse>
</FlowReservationResponseList>